{
    "subsample_convs.0": {
        "mean": -0.00873930286616087,
        "var": 0.003353221109136939
    },
    "backbone_block.down1": {
        "mean": 0.002666200278326869,
        "var": 0.015718398615717888
    },
    "backbone_block.down2": {
        "mean": 0.002456829184666276,
        "var":0.022089315578341484
    },
    "backbone_block.down3": {
        "mean": -0.0027897520922124386,
        "var":0.003248377237468958
    },
    "backbone_block.middle1": {
        "mean": -0.002932036528363824,
        "var": 0.002306077629327774
    },
    "backbone_block.middle2": {
        "mean": -0.00324546592310071,
        "var": 0.0023586018942296505
    },
    "backbone_block.up1": {
        "mean": 0.0013807209907099605,
        "var": 0.0017292898846790195
    },
    "backbone_block.post_up1": {
        "mean": -0.006782433483749628,
        "var": 0.002331787720322609
    },
    "backbone_block.up2": {
        "mean": 0.0026305727660655975,
        "var": 0.003443503752350807
    },
    "backbone_block.post_up2":{
        "mean": -0.011797912418842316,
        "var": 0.0032651564106345177
    },
    "backbone_block.up3": {
        "mean": 0.005642256233841181,
        "var": 0.0068071624264121056
    },
    "backbone_block.post_up3": {
        "mean": 0.003312906017526984,
        "var": 0.02149021066725254
    },
    "post_backbone_block.0": {
        "mean": 0.003312906017526984,
        "var": 0.003480816027149558
    },
    "output_prob_layer.0": {
        "mean":-0.018926406279206276,
        "var": 0.026689086109399796
    },
    "output_dist_layer.0": {
        "mean": 0.006172175519168377,
        "var": 0.014332934282720089
    }
}